target_title,target_id,target_type,score,status,rewatches,episodes,text
07-Ghost,5525,Anime,0,on_hold,0,0,
Afro Samurai,1292,Anime,0,completed,0,5,
Afro Samurai Movie,13709,Anime,0,completed,0,1,
Afro Samurai Pilot,27939,Anime,0,completed,0,1,
Afro Samurai: Resurrection,4970,Anime,0,completed,0,1,
Ai Shimai 2: Futari no Kajitsu,1635,Anime,0,completed,0,2,
Ai Shimai Tsubomi... Kegashite Kudasai,1636,Anime,0,completed,0,2,
Ai Shimai: Futari no Kajitsu,1634,Anime,0,completed,0,3,
Akame ga Kill!,22199,Anime,0,planned,0,0,
Akane Maniax,281,Anime,0,completed,0,3,
Akiko,2979,Anime,0,completed,0,2,
Ane Jiru 2 The Animation: Shirakawa Sanshimai ni Omakase,9435,Anime,0,planned,0,0,
Angel Beats!,6547,Anime,0,planned,0,0,
Another,11111,Anime,0,completed,0,12,
Another: The Other - Inga,11701,Anime,0,completed,0,1,
Appleseed (Movie),54,Anime,0,dropped,0,0,
Appleseed Alpha,22677,Anime,0,completed,0,1,
Appleseed Saga Ex Machina,2969,Anime,0,completed,0,1,
B-gata H-kei,7817,Anime,0,planned,0,0,
Baccano!,2251,Anime,10,completed,0,13,
Baccano! Specials,3901,Anime,0,completed,0,3,
Bakemonogatari,5081,Anime,10,completed,0,15,
Bakemonogatari Recap,6948,Anime,9,completed,0,1,
Basilisk: Kouga Ninpou Chou,67,Anime,0,dropped,0,0,
Beck,57,Anime,10,completed,0,26,
Beelzebub,9513,Anime,0,planned,0,0,
Bible Black,368,Anime,0,completed,0,6,
Bible Black Gaiden,972,Anime,0,completed,0,2,
Bible Black Only Version,2873,Anime,0,completed,0,2,
Bible Black: Imari Ryoujoku Genba,5347,Anime,0,completed,0,1,
Bible Black: New Testament,1401,Anime,0,completed,0,6,
Bible Black: New Testament Recap,13223,Anime,0,completed,0,1,
Bleach,269,Anime,0,on_hold,0,62,
Blood+,150,Anime,0,completed,0,50,
Blood: The Last Vampire,405,Anime,0,completed,0,1,
Boin,2413,Anime,0,completed,0,2,
Bokura ga Ita,1222,Anime,9,completed,0,26,
Boruto: Naruto the Movie,28755,Anime,0,completed,0,1,
Bungou Stray Dogs: Dead Apple,34944,Anime,0,planned,0,0,
Byousoku 5 Centimeter,1689,Anime,10,completed,0,3,
Cheonnyeon-yeowoo Yeowoobi,2756,Anime,0,completed,0,1,
Chikan Monogatari,2875,Anime,0,completed,0,2,
Chobits,59,Anime,0,completed,0,26,
Chobits Recap,1311,Anime,0,completed,0,1,
Chrno Crusade,60,Anime,0,completed,0,24,
Clannad,2167,Anime,0,completed,0,23,
D.C.: Da Capo,62,Anime,10,completed,0,26,
D.C.if: Da Capo if,5216,Anime,0,completed,0,2,
D.C.II S.S.: Da Capo II Second Season,3627,Anime,0,completed,0,13,
D.C.II: Da Capo II,2595,Anime,0,completed,0,13,
D.C.S.S: Da Capo Second Season,291,Anime,0,completed,0,26,
D.C.S.S: Da Capo Second Season Omake,4508,Anime,0,completed,0,7,
Darker than Black: Kuro no Keiyakusha,2025,Anime,10,completed,0,25,
Darker than Black: Kuro no Keiyakusha - Sakura no Hana no Mankai no Shita,4182,Anime,10,completed,0,1,
Darker than Black: Kuro no Keiyakusha Gaiden,7338,Anime,10,completed,0,4,
Darker than Black: Ryuusei no Gemini,6573,Anime,10,completed,0,12,
Death Note,1535,Anime,0,completed,0,37,
Death Note: Rewrite,2994,Anime,0,completed,0,2,
Devil May Cry,1726,Anime,0,completed,0,12,
Discipline,2432,Anime,0,completed,0,6,
Discipline Zero,7456,Anime,0,completed,0,2,
Dokidoki Oyako Lesson: Oshiete H na Obenkyou,3944,Anime,0,completed,0,2,
Druaga no Tou: The Aegis of Uruk,3230,Anime,0,completed,0,12,
Druaga no Tou: The Aegis of Uruk - Jil no Bouken,4798,Anime,0,completed,0,1,
Druaga no Tou: The Sword of Uruk,4726,Anime,0,planned,0,0,
Durarara!!,6746,Anime,0,completed,0,24,
Durarara!! Specials,8408,Anime,0,completed,0,2,
Durarara!!x2 Shou,23199,Anime,9,completed,0,12,
Eiken: Eikenbu yori Ai wo Komete,788,Anime,0,completed,0,2,
El Cazador de la Bruja,2030,Anime,0,completed,0,26,
Elfen Lied,226,Anime,0,completed,0,13,
"Elfen Lied: Tooriame nite Arui wa, Shoujo wa Ikani Shite Sono Shinjou ni Itatta ka? - Regenschauer",376,Anime,0,completed,0,1,
Ergo Proxy,790,Anime,0,dropped,0,0,
Fairy Tail,6702,Anime,0,planned,0,0,
Fault!! Service: Aratanaru Rival,16638,Anime,0,completed,0,1,
Final Fantasy VII: Advent Children,317,Anime,0,completed,0,1,
Final Fantasy VII: Advent Children - Venice Film Festival Footage,6152,Anime,0,completed,0,1,
Final Fantasy VII: Advent Children Complete,2952,Anime,0,completed,0,1,
First Squad: The Moment of Truth,5178,Anime,2,completed,0,1,
FLCL,227,Anime,0,completed,0,6,
Fullmetal Alchemist,121,Anime,0,completed,0,51,
Fullmetal Alchemist: Brotherhood,5114,Anime,0,completed,0,64,
Fullmetal Alchemist: Premium Collection,908,Anime,0,completed,0,3,
Fullmetal Alchemist: Reflections,664,Anime,0,completed,0,1,
Fullmetal Alchemist: The Conqueror of Shamballa,430,Anime,0,completed,0,1,
Furueru Kuchibiru Episode 0,24987,Anime,0,completed,0,1,
Gantz,384,Anime,0,planned,0,0,
Ged Senki,1829,Anime,0,completed,0,1,
Gibomai,2531,Anime,0,completed,0,2,
Great Teacher Onizuka,245,Anime,0,completed,0,43,
Green Green,133,Anime,0,completed,0,12,
Green Green OVA,881,Anime,0,completed,0,1,
Green Green Character DVD,1679,Anime,0,completed,0,3,
Green Green Thirteen: Erolutions,651,Anime,0,completed,0,1,
Gunslinger Girl,134,Anime,0,completed,0,13,
Gunslinger Girl: Il Teatrino,3231,Anime,0,completed,0,13,
Gunslinger Girl: Il Teatrino OVA,4765,Anime,0,completed,0,2,
Haibane Renmei,387,Anime,10,completed,0,13,
Hanamonogatari,21855,Anime,0,completed,0,5,
Hanbun no Tsuki ga Noboru Sora,587,Anime,0,completed,0,6,
Hatsu Inu 2 The Animation: Strange Kind of Woman - Again,5097,Anime,0,completed,0,2,
Hatsu Inu The Animation,2798,Anime,0,completed,0,2,
Hellsing,270,Anime,0,completed,0,13,
Hellsing Ultimate,777,Anime,0,completed,0,10,
Hellsing: Digest for Freaks,6904,Anime,0,completed,0,1,
Hellsing: Psalm of the Darkness,7728,Anime,0,completed,0,1,
Hellsing: The Dawn,11077,Anime,0,completed,0,3,
Higashi no Eden,5630,Anime,0,completed,0,11,
Higashi no Eden Movie I: The King of Eden,6372,Anime,0,completed,0,1,
Higashi no Eden Movie II: Paradise Lost,6637,Anime,0,completed,0,1,
Higashi no Eden: Air Communication,6927,Anime,0,completed,0,1,
Higurashi no Naku Koro ni,934,Anime,0,completed,0,26,
Higurashi no Naku Koro ni Kai,1889,Anime,0,completed,0,24,
Higurashi no Naku Koro ni Kai Specials,6064,Anime,0,completed,0,24,
Higurashi no Naku Koro ni Kira,10491,Anime,0,completed,0,4,
Higurashi no Naku Koro ni Rei,3652,Anime,0,completed,0,5,
Higurashi no Naku Koro ni Special: Nekogoroshi-hen,2899,Anime,0,completed,0,1,
Hitsuji no Uta,258,Anime,0,planned,0,0,
Hotaru no Haka,578,Anime,10,completed,0,1,
Howl no Ugoku Shiro,431,Anime,0,completed,0,1,
Ikkitousen,257,Anime,0,completed,0,13,
Ikkitousen: Dragon Destiny,1956,Anime,0,completed,0,12,
Ikkitousen: Dragon Destiny Specials,2905,Anime,0,completed,0,6,
Ikkitousen: Extravaganza Epoch,26183,Anime,0,planned,0,0,
Ikkitousen: Great Guardians,4196,Anime,0,completed,0,12,
Ikkitousen: Great Guardians Specials,5333,Anime,0,completed,0,6,
Ikkitousen: Shuugaku Toushi Keppuuroku,11255,Anime,0,planned,0,0,
Ikkitousen: Western Wolves,38425,Anime,0,planned,0,0,
Ikkitousen: Xtreme Xecutor,7580,Anime,0,planned,0,0,
Injuu Nerawareta Idol,3584,Anime,0,completed,0,1,
Jigoku Shoujo,228,Anime,10,completed,0,26,
Jigoku Shoujo Futakomori,1594,Anime,0,completed,0,26,
Jigoku Shoujo Mitsuganae,3713,Anime,0,completed,0,26,
Joshikousei no Koshitsuki,18691,Anime,0,completed,0,6,
Junjou Shoujo Et Cetera,19569,Anime,0,completed,0,2,
Junk Land The Animation,20379,Anime,0,completed,0,1,
Kamyla,3921,Anime,0,completed,0,3,
Kannazuki no Miko,143,Anime,0,completed,0,12,
Kanon,144,Anime,0,planned,0,0,
Kao no nai Tsuki,1408,Anime,0,completed,0,5,
Karin,469,Anime,0,completed,0,24,
Kaze no Tani no Nausicaa,572,Anime,0,completed,0,1,
Kaze wo Mita Shounen,757,Anime,0,completed,0,1,
Kill la Kill,18679,Anime,0,completed,0,24,
Kill la Kill Specials,21659,Anime,0,completed,0,2,
Kimi ga Nozomu Eien,147,Anime,10,completed,0,14,
Kimi ga Nozomu Eien: Ayu Mayu Gekijou,1856,Anime,0,dropped,0,0,
Kimi ga Nozomu Eien: Next Season,3318,Anime,9,completed,0,4,
Kininaru Kimochi,3350,Anime,0,completed,0,4,
Kino no Tabi: The Beautiful World,486,Anime,0,planned,0,0,
Kizumonogatari I: Tekketsu-hen,9260,Anime,0,completed,0,1,
Koakuma Kanojo The Animation,20801,Anime,0,completed,0,2,
Koukaku Kidoutai,43,Anime,10,completed,0,1,
"Kumo no Mukou, Yakusoku no Basho",433,Anime,0,completed,0,1,
Kuro Ai: Hitoyozumakan Inkou Rannyuuroku,2841,Anime,0,completed,0,2,
Kuroshitsuji,4898,Anime,0,dropped,0,0,
Kyoukai no Kanata,18153,Anime,0,completed,0,12,
Kyoukai no Kanata Movie 1: I'll Be Here - Kako-hen,25015,Anime,0,completed,0,1,
Kyoukai no Kanata Movie 2: I'll Be Here - Mirai-hen,28675,Anime,0,completed,0,1,
Kyoukai no Kanata: Mini Gekijou,20909,Anime,0,completed,0,7,
Last Exile,97,Anime,0,completed,0,26,
Last Exile: Ginyoku no Fam,10336,Anime,0,completed,0,21,
Last Exile: Ginyoku no Fam - Adjournment,12429,Anime,0,completed,0,2,
Lingeries,2433,Anime,0,completed,0,3,
Love Hina,189,Anime,0,completed,0,24,
Love Hina Again,190,Anime,0,completed,0,3,
Love Hina Christmas Special: Silent Eve,191,Anime,0,completed,0,1,
Love Hina Haru Special: Kimi Sakura Chiru Nakare!!,192,Anime,0,completed,0,1,
Lovely★Complex,2034,Anime,0,completed,0,24,
Madlax,252,Anime,0,completed,0,26,
Mahouka Koukou no Rettousei,20785,Anime,0,planned,0,0,
Memories,1462,Anime,0,completed,0,3,
Mesu Nochi Torare,17539,Anime,0,completed,0,2,
Mikagura Gakuen Kumikyoku (TV),28817,Anime,0,planned,0,0,
Mimi wo Sumaseba,585,Anime,0,completed,0,1,
Mirai Nikki (TV),10620,Anime,0,planned,0,0,
Monogatari Series: Second Season,17074,Anime,0,completed,0,26,
Mononoke Hime,164,Anime,0,completed,0,1,
Mou Hasamazu ni wa Irarenai♥: Hoshi ni Onegai shitara Konnani Okkiku Nacchatta!,22039,Anime,0,completed,0,1,
Naisho no Wakana-san,10575,Anime,0,completed,0,1,
Nana,877,Anime,9,completed,0,47,
Naruto,20,Anime,0,completed,0,220,
Naruto Movie 1: Dai Katsugeki!! Yuki Hime Shinobu Houjou Dattebayo!,442,Anime,0,completed,0,1,
Naruto Movie 2: Dai Gekitotsu! Maboroshi no Chiteiiseki Dattebayo!,936,Anime,0,completed,0,1,
Naruto Movie 3: Dai Koufun! Mikazuki Jima no Animaru Panikku Dattebayo!,2144,Anime,0,completed,0,1,
Naruto Narutimate Hero 3: Tsuini Gekitotsu! Jounin vs. Genin!! Musabetsu Dairansen Taikai Kaisai!!,1074,Anime,0,completed,0,1,
Naruto Soyokazeden Movie: Naruto to Mashin to Mitsu no Onegai Dattebayo!!,10659,Anime,0,completed,0,1,
Naruto x UT,10075,Anime,0,completed,0,1,
Naruto: Akaki Yotsuba no Clover wo Sagase,761,Anime,0,completed,0,1,
Naruto: Dai Katsugeki!! Yuki Hime Shinobu Houjou Dattebayo! - Konoha no Sato no Dai Undoukai,2248,Anime,0,completed,0,1,
Naruto: Honoo no Chuunin Shiken! Naruto vs. Konohamaru!!,10686,Anime,0,completed,0,1,
Naruto: Shippuuden,1735,Anime,0,completed,0,500,
"Naruto: Shippuuden - Shippuu! ""Konoha Gakuen"" Den",4134,Anime,0,completed,0,1,
Naruto: Shippuuden - Sunny Side Battle,19511,Anime,0,completed,0,1,
Naruto: Shippuuden Movie 1,2472,Anime,0,completed,0,1,
Naruto: Shippuuden Movie 2 - Kizuna,4437,Anime,0,completed,0,1,
Naruto: Shippuuden Movie 3 - Hi no Ishi wo Tsugu Mono,6325,Anime,0,completed,0,1,
Naruto: Shippuuden Movie 4 - The Lost Tower,8246,Anime,0,completed,0,1,
Naruto: Shippuuden Movie 5 - Blood Prison,10589,Anime,0,completed,0,1,
Naruto: Shippuuden Movie 6 - Road to Ninja,13667,Anime,0,completed,0,1,
Naruto: Takigakure no Shitou - Ore ga Eiyuu Dattebayo!,594,Anime,0,completed,0,1,
Naruto: The Cross Roads,7367,Anime,0,completed,0,1,
Nekomonogatari: Kuro,15689,Anime,0,completed,0,4,
NHK ni Youkoso!,1210,Anime,0,watching,0,0,
Nisekoi,18897,Anime,0,planned,0,0,
Nisekoimonogatari,30514,Anime,0,planned,0,0,
Nisemonogatari,11597,Anime,10,completed,0,11,
Nodame Cantabile,1698,Anime,0,planned,0,0,
Noir,272,Anime,0,on_hold,0,0,
One Punch Man,30276,Anime,10,completed,0,12,
One Punch Man Specials,31772,Anime,0,completed,0,6,
One Punch Man: Road to Hero,31704,Anime,2,completed,0,1,
Onegai☆Teacher,195,Anime,0,completed,0,12,
Onegai☆Teacher: Himitsu na Futari,443,Anime,0,completed,0,1,
"Onegai☆Teacher: Marie, Ai no Gekijou",7474,Anime,0,completed,0,1,
Onegai☆Teacher: Reminiscence Disc,14685,Anime,0,completed,0,1,
Onegai☆Twins,196,Anime,0,completed,0,12,
Onegai☆Twins: Natsu wa Owaranai,524,Anime,0,completed,0,1,
Oni Chichi,6893,Anime,0,completed,0,2,
Oni Chichi 2,9308,Anime,0,completed,0,2,
Oni Chichi 2: Harvest,28309,Anime,0,completed,0,1,
Oni Chichi 2: Revenge,20849,Anime,0,completed,0,2,
Oni Chichi: Re-birth,10380,Anime,0,completed,0,1,
Oni Chichi: Re-born,11879,Anime,0,completed,0,2,
Oyako Rankan The Animation,19283,Anime,0,completed,0,1,
Pale Cocoon,770,Anime,10,completed,0,1,
Palme no Ki,1141,Anime,0,completed,0,1,
Pandora Hearts,5530,Anime,0,planned,0,0,
Phantom: Requiem for the Phantom,5682,Anime,0,completed,0,26,
Psycho-Pass 2,23281,Anime,0,planned,0,0,
Punch Line,28617,Anime,0,planned,0,0,
R.O.D: Read or Die,208,Anime,0,completed,0,3,
R.O.D: The TV,209,Anime,0,completed,0,26,
Ran->Sem: Hakudaku Delmo Tsuma no Miira Tori,10458,Anime,0,completed,0,2,
Resort Boin,3918,Anime,0,completed,0,3,
Rin x Sen + Ran -> Sem: Cross Mix,18525,Anime,0,completed,0,2,
Rin x Sen: Hakudaku Onna Kyoushi to Yaroudomo,7969,Anime,0,completed,0,2,
Rurouni Kenshin: Meiji Kenkaku Romantan,45,Anime,0,dropped,0,0,
Rurouni Kenshin: Meiji Kenkaku Romantan - Tsuioku-hen,44,Anime,0,completed,0,4,
Sakasama no Patema,12477,Anime,0,completed,0,1,
Sakasama no Patema: Beginning of the Day,13429,Anime,0,completed,0,4,
Samurai 7,166,Anime,0,planned,0,0,
Samurai Champloo,205,Anime,0,completed,0,26,
Sasami-san@Ganbaranai,14515,Anime,0,planned,0,0,
School Days,2476,Anime,10,completed,0,12,
School Days ONA,756,Anime,10,completed,0,1,
School Rumble,24,Anime,0,completed,0,26,
Seiken no Blacksmith,5940,Anime,0,planned,0,0,
Sen to Chihiro no Kamikakushi,199,Anime,0,completed,0,1,
Sengoku Basara,5355,Anime,0,planned,0,0,
Senjou no Valkyria,5507,Anime,0,planned,0,0,
Serial Experiments Lain,339,Anime,10,completed,0,13,
Sexfriend,830,Anime,0,completed,0,2,
Shakugan no Shana,355,Anime,0,planned,0,0,
Shimoneta to Iu Gainen ga Sonzai Shinai Taikutsu na Sekai,29786,Anime,7,completed,0,12,
Shin Hitou Meguri,19101,Anime,0,completed,0,2,
Shingetsutan Tsukihime,169,Anime,0,planned,0,0,
Shishunki Shoujo,4278,Anime,0,completed,0,2,
Shonan Junai Gumi!,1913,Anime,0,dropped,0,0,
Shoujo Auction,3557,Anime,0,completed,0,2,
Shoujo Sect,4473,Anime,0,completed,0,3,
Shuffle!,79,Anime,10,completed,0,24,
Shuffle! Memories,1836,Anime,10,completed,0,12,
Shuffle! Prologue,7396,Anime,0,completed,0,1,
Shuukaku no Yoru,3911,Anime,0,completed,0,2,
Sonic X,1816,Anime,0,completed,0,78,
Sonic X Pilot,10263,Anime,0,completed,0,2,
Sonic★the★Hedgehog,2263,Anime,0,completed,0,2,
"Sora no Iro, Mizu no Iro",2135,Anime,0,completed,0,2,
"Sora no Iro, Mizu no Iro Ero Specials",5644,Anime,0,completed,0,2,
Soul Eater,3588,Anime,0,completed,0,51,
Spiral: Suiri no Kizuna,341,Anime,0,completed,0,25,
Steamboy,565,Anime,0,completed,0,1,
Steins;Gate,9253,Anime,9,completed,0,24,
Steins;Gate 0,30484,Anime,0,planned,0,0,
Steins;Gate Movie: Fuka Ryouiki no Dejà vu,11577,Anime,0,completed,0,1,
Steins;Gate: Oukoubakko no Poriomania,10863,Anime,0,completed,0,1,
Steins;Gate: Soumei Eichi no Cognitive Computing,27957,Anime,0,planned,0,0,
Stringendo+Accelerando Ultimatum Sera,4502,Anime,0,completed,0,3,
Stringendo: Angel-tachi no Private Lesson,3559,Anime,0,completed,0,12,
Summer Wars,5681,Anime,0,planned,0,0,
Sword Art Online,11757,Anime,0,planned,0,0,
Tayu Tayu,19631,Anime,0,completed,0,4,
Tengen Toppa Gurren Lagann,2001,Anime,0,completed,0,27,
Tenioha!: Onnanoko datte Honto wa Ecchi da yo?,18693,Anime,0,completed,0,2,
Tenjou Tenge,174,Anime,0,planned,0,24,
Tenkuu no Shiro Laputa,513,Anime,0,completed,0,1,
Tenshi Kinryouku,51,Anime,0,completed,0,3,
The Animatrix,1303,Anime,0,completed,0,9,
The Last: Naruto the Movie,16870,Anime,0,completed,0,1,
Tokyo Ghoul,22319,Anime,0,planned,0,0,
Tonagura!,1218,Anime,0,planned,0,0,
Tonari no Totoro,523,Anime,0,completed,0,1,
Toradora!,4224,Anime,0,completed,0,25,
Triage X,26443,Anime,0,planned,0,0,
Trinity Blood,27,Anime,0,completed,0,24,
TSF Monogatari,11467,Anime,0,planned,0,0,
Tsukimonogatari,28025,Anime,0,completed,0,4,
Un-Go,10798,Anime,10,completed,0,11,
Utawarerumono,856,Anime,0,planned,0,0,
Vampire Hunter D,732,Anime,0,completed,0,1,
Vampire Hunter D (2000),543,Anime,0,completed,0,1,
Wanna. SpartanSex Spermax!!!,17251,Anime,0,completed,0,2,
Warau Kangofu The Animation,3636,Anime,0,completed,0,2,
Wolf's Rain,202,Anime,10,completed,0,26,
Wolf's Rain OVA,1023,Anime,0,completed,0,4,
Words Worth,203,Anime,0,completed,0,5,
Words Worth Gaiden,2185,Anime,0,completed,0,2,
X,156,Anime,0,completed,0,24,
X OVA,595,Anime,0,completed,0,1,
Yahari Ore no Seishun Love Comedy wa Machigatteiru.,14813,Anime,0,planned,0,0,
Yami no Matsuei,553,Anime,0,planned,0,0,
Yami to Boushi to Hon no Tabibito,497,Anime,0,dropped,0,0,
Yokorenbo: Immoral Mother,6892,Anime,0,completed,0,2,
Zecchou Rocket,19629,Anime,0,completed,0,2,
Koukaku Kidoutai: SAC_2045,38799,Anime,0,completed,0,24,
Koukaku Kidoutai: Shin Movie,27411,Anime,0,completed,0,1,
Koukaku Kidoutai Arise: Alternative Architecture,29325,Anime,0,completed,0,10,
Koukaku Kidoutai Arise: Ghost in the Shell - Border:4 Ghost Stands Alone,19195,Anime,0,completed,0,1,
Koukaku Kidoutai Arise: Ghost in the Shell - Border:3 Ghost Tears,19193,Anime,0,completed,0,1,
Koukaku Kidoutai Nyuumon Arise,22013,Anime,0,completed,0,26,
Koukaku Kidoutai Arise: Ghost in the Shell - Border:2 Ghost Whispers,19191,Anime,0,completed,0,1,
Koukaku Kidoutai Arise: Ghost in the Shell - Logicoma Specials,21575,Anime,0,completed,0,4,
Koukaku Kidoutai Arise: Ghost in the Shell - Border:1 Ghost Pain,17187,Anime,0,completed,0,1,
Koukaku Kidoutai Arise: Another Mission,18989,Anime,0,completed,0,1,
Koukaku Kidoutai: Stand Alone Complex - Solid State Society 3D - Tachikoma na Hibi,10950,Anime,0,completed,0,3,
Koukaku Kidoutai: Stand Alone Complex - Solid State Society 3D,10090,Anime,0,completed,0,1,
Koukaku Kidoutai 2.0,4672,Anime,0,completed,0,1,
Koukaku Kidoutai: Stand Alone Complex - Solid State Society - Uchikoma na Hibi,3447,Anime,0,completed,0,1,
Koukaku Kidoutai: Stand Alone Complex - Tachikoma na Hibi (TV),10870,Anime,0,completed,0,12,
Koukaku Kidoutai: Stand Alone Complex - Solid State Society,1566,Anime,0,completed,0,1,
Koukaku Kidoutai: Stand Alone Complex 2nd GIG - Individual Eleven - Tachikoma na Hibi,10948,Anime,0,completed,0,1,
Koukaku Kidoutai: Stand Alone Complex 2nd GIG - Individual Eleven,2448,Anime,0,completed,0,1,
Koukaku Kidoutai: Stand Alone Complex - The Laughing Man - Tachikoma na Hibi,10947,Anime,0,completed,0,1,
Koukaku Kidoutai: Stand Alone Complex - The Laughing Man,2449,Anime,0,completed,0,1,
Koukaku Kidoutai: Stand Alone Complex 2nd GIG - Tachikoma na Hibi,3485,Anime,0,completed,0,26,
Innocence,468,Anime,0,completed,0,1,
Koukaku Kidoutai: Stand Alone Complex - Tachikoma na Hibi - Interval,10949,Anime,0,completed,0,3,
Koukaku Kidoutai: Stand Alone Complex 2nd GIG,801,Anime,0,completed,0,26,
Koukaku Kidoutai: Stand Alone Complex - Tachikoma na Hibi,1335,Anime,0,completed,0,26,
Koukaku Kidoutai: Stand Alone Complex,467,Anime,0,completed,0,26,
Fullmetal Alchemist: Brotherhood Specials,6421,Anime,0,completed,0,4,
Fullmetal Alchemist: The Sacred Star of Milos,9135,Anime,0,completed,0,1,
Durarara!!x2 Ketsu: Dufufufu!!,32915,Anime,0,completed,0,1,
Durarara!!x2 Shou: Watashi no Kokoro wa Nabe Moyou,30191,Anime,0,completed,0,1,
Durarara!!x2 Ketsu,27833,Anime,0,completed,0,12,
Durarara!!x2 Ten: Onoroke Chakapoko,31552,Anime,0,completed,0,1,
Durarara!!x2 Ten,27831,Anime,0,completed,0,12,
Blood-C: The Last Dark,10681,Anime,0,completed,0,1,
Blood-C,10490,Anime,0,completed,0,12,
Blood-C: Special Edition,14117,Anime,0,completed,0,2,
Jigoku Shoujo: Yoi no Togi,34966,Anime,0,planned,0,0,
D.C. I&II P.S.P. Re-Animated,9353,Anime,0,completed,0,1,
Shingeki no Kyojin,16498,Anime,0,completed,0,25,
Shingeki no Kyojin Season 2,25777,Anime,0,completed,0,12,
Shingeki no Kyojin: Lost Girls,36106,Anime,0,completed,0,3,
K-On!!,7791,Anime,0,completed,0,26,
Clannad: After Story,4181,Anime,0,completed,0,24,
Clannad Movie,1723,Anime,0,completed,0,1,
"Clannad: Mou Hitotsu no Sekai, Tomoyo-hen",4059,Anime,0,completed,0,1,
"Clannad: After Story - Mou Hitotsu no Sekai, Kyou-hen",6351,Anime,0,completed,0,1,
Amnesia,15085,Anime,0,planned,0,0,
Gunnm,1016,Anime,0,planned,0,0,
Ookami to Koushinryou,2966,Anime,0,planned,0,0,
Ookami to Koushinryou II,5341,Anime,0,planned,0,0,
Ookami to Koushinryou II: Ookami to Kohakuiro no Yuuutsu,6007,Anime,0,planned,0,0,
Shingeki no Kyojin: Kuinaki Sentaku,25781,Anime,0,planned,0,0,
Shingeki no Kyojin Season 3,35760,Anime,0,planned,0,0,
Shingeki no Kyojin OVA,18397,Anime,0,planned,0,0,
Shingeki no Kyotou,35122,Anime,0,planned,0,0,
Gungrave,267,Anime,0,planned,0,0,
Boku dake ga Inai Machi,31043,Anime,0,planned,0,0,
Tengen Toppa Gurren Lagann Movie 2: Lagann-hen,4565,Anime,0,planned,0,0,
Toki wo Kakeru Shoujo,2236,Anime,0,planned,0,0,
Detroit Metal City,3702,Anime,0,completed,0,12,
Evangelion: 1.0 You Are (Not) Alone,2759,Anime,0,planned,0,0,
Evangelion: 2.0 You Can (Not) Advance,3784,Anime,0,planned,0,0,
Evangelion: 3.0 You Can (Not) Redo,3785,Anime,0,planned,0,0,
Neon Genesis Evangelion,30,Anime,0,planned,0,0,
Neon Genesis Evangelion: The End of Evangelion,32,Anime,0,planned,0,0,
Perfect Blue,437,Anime,0,planned,0,0,
Shisha no Teikoku,28625,Anime,0,planned,0,0,
Ouran Koukou Host Club,853,Anime,0,completed,0,26,
Bishoujo Senshi Sailor Moon,530,Anime,0,completed,0,46,
Bishoujo Senshi Sailor Moon Memorial,8756,Anime,0,completed,0,5,
Bishoujo Senshi Sailor Moon Crystal,14751,Anime,0,completed,0,26,
Bishoujo Senshi Sailor Moon Crystal Season III,31733,Anime,0,completed,0,13,
Bishoujo Senshi Sailor Moon: Sailor Stars,996,Anime,0,completed,0,34,
Bishoujo Senshi Sailor Moon SuperS,1239,Anime,0,completed,0,39,
Bishoujo Senshi Sailor Moon SuperS: Sailor 9 Senshi Shuuketsu! Black Dream Hole no Kiseki,1240,Anime,0,completed,0,1,
Bishoujo Senshi Sailor Moon SuperS Specials,3076,Anime,0,completed,0,3,
Bishoujo Senshi Sailor Moon R: The Movie,531,Anime,0,completed,0,1,
Bishoujo Senshi Sailor Moon R,740,Anime,0,completed,0,43,
Bishoujo Senshi Sailor Moon S,532,Anime,0,completed,0,38,
Bishoujo Senshi Sailor Moon S: Kaguya-hime no Koibito,997,Anime,0,completed,0,1,
Hoshi wo Ou Kodomo,9760,Anime,6,completed,0,1,
Megalo Box,36563,Anime,0,planned,0,0,
Suzumiya Haruhi no Yuuutsu,849,Anime,0,planned,0,0,
Stranger: Mukou Hadan,2418,Anime,0,planned,0,0,
Kokkoku,36548,Anime,0,planned,0,0,
Mirai no Mirai,36936,Anime,0,planned,0,0,
Soredemo Sekai wa Utsukushii,22101,Anime,0,planned,0,0,
Mob Psycho 100,32182,Anime,0,planned,0,0,
Mob Psycho 100 II,37510,Anime,0,planned,0,0,
Dungeon ni Deai wo Motomeru no wa Machigatteiru Darou ka,28121,Anime,0,planned,0,0,
Aa! Megami-sama! (TV),50,Anime,0,planned,0,0,
Aa! Megami-sama! Movie,304,Anime,0,planned,0,0,
JoJo no Kimyou na Bouken (TV),14719,Anime,0,planned,0,0,
JoJo no Kimyou na Bouken,666,Anime,0,planned,0,0,
JoJo no Kimyou na Bouken Part 4: Diamond wa Kudakenai,31933,Anime,0,planned,0,0,
JoJo no Kimyou na Bouken: Phantom Blood,3603,Anime,0,planned,0,0,
JoJo no Kimyou na Bouken Part 3: Stardust Crusaders,20899,Anime,0,planned,0,0,
JoJo no Kimyou na Bouken Part 3: Stardust Crusaders 2nd Season,26055,Anime,0,planned,0,0,
Mahoutsukai no Yome,35062,Anime,0,planned,0,0,
Mahoutsukai no Yome: Hoshi Matsu Hito,32902,Anime,0,planned,0,0,
No Game No Life,19815,Anime,0,planned,0,0,
Yakusoku no Neverland,37779,Anime,0,planned,0,0,
Jin-Rou,570,Anime,0,planned,0,0,
Tensei shitara Slime Datta Ken,37430,Anime,0,planned,0,0,
Brave Story,1681,Anime,0,planned,0,0,
Paprika,1943,Anime,0,planned,0,0,
Final Fantasy: The Spirits Within,1361,Anime,0,planned,0,0,
Da Yu Hai Tang (Movie),10259,Anime,0,planned,0,0,
Hirune Hime: Shiranai Watashi no Monogatari,33204,Anime,0,planned,0,0,
Kamisama Hajimemashita,14713,Anime,0,planned,0,0,
Kamisama Hajimemashita◎,25681,Anime,0,planned,0,0,
Kamisama Hajimemashita: Kako-hen,30709,Anime,0,planned,0,0,
Kamisama Hajimemashita OVA,18661,Anime,0,planned,0,0,
"Kamisama Hajimemashita: Kamisama, Shiawase ni Naru",33323,Anime,0,planned,0,0,
K,14467,Anime,0,planned,0,0,
Psycho-Pass,13601,Anime,0,completed,0,22,
Gake no Ue no Ponyo,2890,Anime,0,completed,0,1,
Kotonoha no Niwa,16782,Anime,0,planned,0,0,
Yamato Nadeshiko Shichihenge♥,1562,Anime,0,planned,0,0,
Ao no Exorcist,9919,Anime,0,planned,0,0,
Ao no Exorcist Movie,11737,Anime,0,planned,0,0,
Ao no Exorcist: Kyoto Fujouou-hen,33506,Anime,0,planned,0,0,
Ao no Exorcist: Kyoto Fujouou-hen OVA,34465,Anime,0,planned,0,0,
Ao no Exorcist: Kuro no Iede,11266,Anime,0,planned,0,0,
Ao no Exorcist: Ura Ex,10647,Anime,0,planned,0,0,
Made in Abyss,34599,Anime,0,completed,0,13,
High School DxD New,15451,Anime,0,planned,0,0,
Kimi no Na wa.,32281,Anime,0,completed,0,1,
Shigatsu wa Kimi no Uso,23273,Anime,0,planned,0,0,
Tokyo Ghoul √A,27899,Anime,0,planned,0,0,
Tokyo Ghoul:re,36511,Anime,0,planned,0,0,
Sayonara no Asa ni Yakusoku no Hana wo Kazarou,35851,Anime,0,watching,0,0,
Koe no Katachi,28851,Anime,0,planned,0,0,
School Rumble Ni Gakki,846,Anime,0,completed,0,26,
Yamada-kun to 7-nin no Majo (TV),28677,Anime,0,planned,0,0,
Wonderful Days,548,Anime,0,completed,0,1,
Kara no Kyoukai 5: Mujun Rasen,4282,Anime,0,planned,0,0,
X/1999,155,Anime,0,completed,0,1,
Aoi Bungaku Series,7193,Anime,0,planned,0,0,
Zankyou no Terror,23283,Anime,0,completed,0,11,
Suzumiya Haruhi no Shoushitsu,7311,Anime,0,planned,0,0,
Seishun Buta Yarou wa Bunny Girl Senpai no Yume wo Minai,37450,Anime,0,planned,0,0,
Nodame Cantabile: Finale,5690,Anime,0,planned,0,0,
Gosick,8425,Anime,0,planned,0,0,
Kanojo to Kanojo no Neko: Everything Flows,32491,Anime,0,planned,0,0,
Kimi no Suizou wo Tabetai,36098,Anime,0,planned,0,0,
Natsume Yuujinchou San,10379,Anime,0,planned,0,0,
Natsume Yuujinchou Go,32983,Anime,0,planned,0,0,
Violet Evergarden,33352,Anime,0,planned,0,0,
Natsume Yuujinchou: Itsuka Yuki no Hi ni,20651,Anime,0,planned,0,0,
Natsume Yuujinchou Go Specials,34534,Anime,0,planned,0,0,
Tsumiki no Ie,5365,Anime,0,completed,0,1,
xxxHOLiC: Shunmuki,4918,Anime,0,completed,0,2,
xxxHOLiC,861,Anime,0,completed,0,24,
Shingeki no Kyojin Season 2 Movie: Kakusei no Houkou,36702,Anime,0,planned,0,0,
Shinsekai yori,13125,Anime,0,planned,0,0,
Steins;Gate: Kyoukaimenjou no Missing Link - Divide By Zero,32188,Anime,0,planned,0,0,
One Punch Man 2nd Season,34134,Anime,0,planned,0,0,
Psycho-Pass Movie,21339,Anime,0,completed,0,1,
FLCL Progressive,33010,Anime,0,planned,0,0,
FLCL Alternative,35842,Anime,0,planned,0,0,
No.6,10161,Anime,0,planned,0,0,
Metropolis,522,Anime,0,planned,0,0,
Owarimonogatari 2nd Season,35247,Anime,0,planned,0,0,
Shingeki no Kyojin Season 3 Part 2,38524,Anime,0,planned,0,0,
Owarimonogatari,31181,Anime,0,planned,0,0,
Bungou Stray Dogs 3rd Season,38003,Anime,0,planned,0,0,
Bungou Stray Dogs 2nd Season,32867,Anime,0,planned,0,0,
xxxHOLiC: Rou,6864,Anime,0,planned,0,0,
Death Parade,28223,Anime,0,planned,0,0,
ef: A Tale of Memories.,2924,Anime,0,completed,0,12,
Un-Go: Inga-ron,11531,Anime,0,completed,0,1,
Ajin,31580,Anime,0,planned,0,0,
Nijuu Mensou no Musume,3673,Anime,0,planned,0,0,
Kamisama no Memochou,10568,Anime,0,planned,0,0,
Zoku Owarimonogatari,36999,Anime,0,planned,0,0,
Owarimonogatari 2nd Season Recaps,36796,Anime,0,planned,0,0,
Kizumonogatari III: Reiketsu-hen,31758,Anime,0,watching,0,0,
Kizumonogatari II: Nekketsu-hen,31757,Anime,0,completed,0,1,
Koyomimonogatari,32268,Anime,0,planned,0,0,
Okitegami Kyouko no Bibouroku x Monogatari,32191,Anime,0,planned,0,0,
Nekomonogatari: Kuro Recap,38971,Anime,0,completed,0,1,
Naisho no Hanashi,36725,Anime,0,planned,0,0,
Bungou Stray Dogs: Hitori Ayumu,33071,Anime,0,planned,0,0,
Bungou Stray Dogs,31478,Anime,0,planned,0,0,
ef: A Tale of Melodies.,4789,Anime,0,completed,0,12,
ef: A Tale of Memories. - Recollections,6783,Anime,0,completed,0,1,
ef: A Tale of Melodies. - Prologue,6401,Anime,0,completed,0,1,
ef: A Tale of Memories. - Prologue,6361,Anime,0,completed,0,1,
Inga Nikki,12411,Anime,0,planned,0,0,
C: The Money of Soul and Possibility Control,10163,Anime,0,planned,0,0,
Ookami Kodomo no Ame to Yuki,12355,Anime,0,planned,0,0,
Carole & Tuesday,37435,Anime,0,planned,0,0,
Log Horizon,17265,Anime,0,planned,0,0,
Full Metal Panic! The Second Raid,73,Anime,0,planned,0,0,
Chouyaku Hyakuninisshu: Uta Koi.,13349,Anime,0,planned,0,0,
Fate/Zero,10087,Anime,0,planned,0,0,
Pokemon,527,Anime,0,completed,0,276,
Torikaekko Please,33898,Anime,0,completed,0,1,
Pokemon: Aki no Special,37865,Anime,0,completed,0,1,
Pokemon Movie 01: Mewtwo no Gyakushuu,528,Anime,0,completed,0,1,
Pokemon Introductory Recap,11073,Anime,0,completed,0,1,
Pokemon: Pikachu no Fuyuyasumi,4874,Anime,0,completed,0,2,
Pokemon: Pikachu no Natsuyasumi,5526,Anime,0,completed,0,1,
Pokemon: Pikachu Tankentai,4792,Anime,0,completed,0,1,
Pokemon: Yadoking no Ichinichi,6385,Anime,0,completed,0,1,
Pokemon: Pichu to Pikachu,4793,Anime,0,completed,0,1,
TV-ban Pokemon Special Masara Town-hen Recaps,31750,Anime,0,completed,0,3,
Pokemon: Mewtwo! Ware wa Koko ni Ari,1709,Anime,0,completed,0,1,
Pokemon Crystal: Raikou Ikazuchi no Densetsu,1525,Anime,0,completed,0,1,
Pokemon Advanced Generation,1564,Anime,0,completed,0,192,
Pokemon Housoukyoku,2363,Anime,0,completed,0,16,
Pokemon: Odoru Pokemon Himitsu Kichi,5529,Anime,0,completed,0,1,
Pokemon 3D Adventure: Mew wo Sagase!,11019,Anime,0,completed,0,1,
Boruto: Naruto Next Generations,34566,Anime,0,watching,0,0,
Beastars,39195,Anime,0,completed,0,12,
